Keys,en,en_CA,ar,cmn,cs,de,es,fi,fr,hi,it,ja,ko,pl,pt,ru,uk
ACTIVE,Active,Active eh?,نشيط,积极的,Aktivní,Aktiv,Activo,Aktiivinen,Actif,सक्रिय,Attivo,アクティブ,활동적인,Aktywny,Ativo,Активный,Активний
AIR,Air,Air eh?,هواء,空气,Vzduch,Luft,Aire,Ilma,Air,वायु,Aria,空気,공기,Powietrze,Ar,Воздух,Повітря
AQUAPONICS,Aquaponics,Aquaponics eh?,المائية,水培技术,Aquaponics,Aquaponik,Acuaponia,Vesipoliisi,Aquaponique,aquaponics,Acquaponica,アクアポニックス,아쿠아 포닉스,Aquaponics,Aquaponics,Аквапоника,Аквапоніка
ATTRIBUTIONS,Attributions,Attributions eh?,الصفات,归因,Atributy,Zuschreibungen,Atribuciones,Määrittelyt,Attributions,विशेषताएं,Attribuzioni,帰属,속성,Przypisania,Atribuições,Атрибуты,Атрибути
AUTHOR,Cyber Puffin,Cyber Puffin eh?,Cyber Puffin,Cyber Puffin,Cyber Puffin,Cyber Puffin,Cyber Puffin,Cyber Puffin,Cyber Puffin,Cyber Puffin,Cyber Puffin,Cyber Puffin,Cyber Puffin,Cyber Puffin,Cyber Puffin,Cyber Puffin,Cyber Puffin
BATTERIES,Batteries,Batteries eh?,البطاريات,电池,Baterie,Batterien,Baterías,Paristot,Batteries,बैटरियों,Batterie,バッテリー,배터리,Baterie,Baterias,Батареи,Батареї
BOTS,Bots,Bots eh?,روبوتات,机器人,Roboti,Bots,Bots,Robotti,Bots,बॉट,Robot,ボット,봇,Boty,Bots,Боты,Боти
BYERED,So long Red,So long Red eh?,أحمر طويل جدا,这么长的红色,Tak dlouhá červená,So lange rot,Tan largo rojo,Niin pitkä punainen,Si long rouge,इतना लंबा लाल,Così lungo rosso,とても長い赤,너무 긴 빨간색,Tak długi czerwony,Longo vermelho,Так долго красный,Так довго червоний
CANCEL,Cancel,Cancel eh?,يلغي,取消,zrušení,Stornieren,Cancelar,Peruuttaa,Annuler,रद्द करना,Annulla,キャンセル,취소,Anulować,Cancelar,Отмена,Скасувати
CONTINUE,Continue,Continue eh?,يكمل,继续,Pokračovat,Weitermachen,Continuar,Jatkaa,Continuer,जारी रखना,Continua,続く,계속하다,Kontynuować,Continuar,Продолжать,Продовжувати
CONVERSIONRATES,Conversion rates,Conversion rates eh?,أسعار التحويل,转换率,Míra konverze,Umrechnungskurse,Medidas de conversión,Muuntokurssit,Taux de conversion,परिवर्तन दरें,Tassi di conversione,変換率,전환율,Współczynniki przeliczeniowe,Taxas de conversão,Коэффициент конверсии,Коефіцієнт конверсії
CRYOPODS,Cryogenic Pods,Cryogenic Pods eh?,القرون المبردة,低温豆荚,Kryogenní lusky,Kryogene Pods,Vainas criogénicas,Kryogeeniset palot,Gousses cryogéniques,क्रायोजेनिक पॉड्स,Pod criogenici,極低温ポッド,극저온 포드,Kryogeniczne strąki,Vagens criogênicas,Криогенные стручки,Кріогенні стручки
DEBUG,Debug,Debug eh?,تصحيح,调试,Ladit,Debuggen,Depurar,Virheenkorjaus,Déboguer,डिबग,Debug,デバッグ,디버그,Odpluskwić,Depurar,Отлаживать,Відлагоджувати
DEPART,Depart,Depart eh?,تغادر,离开,Odjezd,Abfahren,Salir,Lähteä,Partir,रवाना होना,Partenza,出発,출발,Odjeżdżać,Partir,Вылетать,Відходити
DEPARTFROMEARTH,Depart from Earth,Depart from Earth eh?,الخروج من الأرض,离开地球,Odchýlit se ze Země,Von der Erde abreisen,Salir de la tierra,Lähteä maasta,Partir de la Terre,पृथ्वी से प्रस्थान करना,Partecipa dalla Terra,地球から出発します,지구에서 떠납니다,Odejdź z Ziemi,Se afastar da Terra,Уйти с Земли,Від'їзд із Землі
DETAILS,Details,Details eh?,تفاصيل,细节,Podrobnosti,Einzelheiten,Detalles,Yksityiskohdat,Détails,विवरण,Dettagli,詳細,세부,Detale,Detalhes,Подробности,Деталі
DIALOG001,Hello Star Voyagers!,Hello Star Voyagers! eh?,مرحبا ستار Voyagers!,你好，星空旅行者！,Ahoj hvězda voyagers!,Hallo Star Voyager!,¡Hola Star Voyagers!,Hei Star Voyagers!,Bonjour les Voyagers Star!,हैलो स्टार वायेजर्स!,Ciao stella voyagers!,こんにちはスターボイジャーズ！,안녕하세요 스타 보이너!,Hello Star Voyagers!,Olá Voyagers Star!,"Привет, звезда Voyagers!",Привіт зірки Воягерів!
DIALOG002,"Thank you for your involuntary compliance with the citizen relocation program, sponsored by Hetap.","Thank you for your involuntary compliance with the citizen relocation program, sponsored by Hetap. eh?",شكرًا لك على امتثالك اللاإرادي لبرنامج نقل المواطن ، برعاية HETAP.,感谢您非自愿遵守HETAP赞助的公民搬迁计划。,"Děkujeme vám za nedobrovolné dodržování programu pro přemístění občanů, které sponzoruje HETAP.",Vielen Dank für Ihre unfreiwillige Einhaltung des von Hetap gesponserten Citizen -Umzugsprogramms.,"Gracias por su cumplimiento involuntario del Programa de Reubicación Ciudadana, patrocinado por Hetap.","Kiitos tahattomasta, joka noudattaa Hetapin sponsoroimaa kansalaisten siirtämisohjelmaa.","Merci pour votre conformité involontaire avec le programme de relocalisation des citoyens, parrainé par Hetap.",HETAP द्वारा प्रायोजित नागरिक पुनर्वास कार्यक्रम के साथ आपके अनैच्छिक अनुपालन के लिए धन्यवाद।,"Grazie per la tua conformità involontaria con il programma di trasferimento dei cittadini, sponsorizzato da HETAP.",Hetapが主催する市民移転プログラムへの不本意なコンプライアンスに感謝します。,Hetap이 후원하는 Citizen Rejoction Program을 비자발적으로 준수 해 주셔서 감사합니다.,"Dziękujemy za mimowolną zgodność z programem relokacji obywateli, sponsorowanego przez Hetap.","Obrigado por sua conformidade involuntária com o Programa de Relocação do Cidadão, patrocinado pela HETAP.","Спасибо за ваше принудительное соблюдение программы переселения граждан, спонсируемой Hetap.","Дякуємо за ваше мимовільне дотримання програми переселення громадян, спонсорованої HETAP."
DIALOG003,With the aid of our foremost scientists we've developed this long-term solution to Earth's overpopulation and resource limitations.,With the aid of our foremost scientists we've developed this long-term solution to Earth's overpopulation and resource limitations. eh?,بمساعدة علماءنا الأهم ، قمنا بتطوير هذا الحل طويل الأجل لقيود الأرض والقيود الموارد للأرض.,在我们最重要的科学家的帮助下，我们已经为地球人口过多和资源限制开发了这种长期解决方案。,S pomocí našich předních vědců jsme vyvinuli toto dlouhodobé řešení přelidňových a zdrojových omezení Země.,Mit Hilfe unserer führenden Wissenschaftler haben wir diese langfristige Lösung für die Überbevölkerung der Erde und Ressourcenbeschränkungen entwickelt.,"Con la ayuda de nuestros científicos más importantes, hemos desarrollado esta solución a largo plazo para la sobrepoblación y las limitaciones de recursos de la Tierra.",Tärkeimpien tutkijoiden avulla olemme kehittäneet tämän pitkäaikaisen ratkaisun maan ylikuormitukseen ja resurssien rajoituksiin.,"Avec l'aide de nos principaux scientifiques, nous avons développé cette solution à long terme à la surpopulation et aux limitations des ressources de la Terre.",हमारे सबसे महत्वपूर्ण वैज्ञानिकों की सहायता से हमने पृथ्वी की ओवरपॉपुलेशन और संसाधन सीमाओं के लिए इस दीर्घकालिक समाधान को विकसित किया है।,Con l'aiuto dei nostri principali scienziati abbiamo sviluppato questa soluzione a lungo termine alla sovrappopolazione e ai limiti delle risorse della Terra.,私たちの最も重要な科学者の助けを借りて、私たちは地球の人口と資源の制限に対するこの長期的なソリューションを開発しました。,우리의 가장 중요한 과학자들의 도움으로 우리는 지구의 과잉 인구와 자원 한계에 대한이 장기 솔루션을 개발했습니다.,Za pomocą naszych najważniejszych naukowców opracowaliśmy to długoterminowe rozwiązanie przeludnienia i ograniczeń zasobów Ziemi.,"Com a ajuda de nossos principais cientistas, desenvolvemos essa solução a longo prazo para as limitações de superpopulação e recursos da Terra.",С помощью наших ведущих ученых мы разработали это долгосрочное решение для чрезмерной перенаселения Земли и ограничений ресурсов.,За допомогою наших головних вчених ми розробили це довгострокове рішення щодо перенаселення та обмежень ресурсів Землі.
DIALOG004,You and your family have been randomly selected for the adventure of your lifetime.,You and your family have been randomly selected for the adventure of your lifetime. eh?,لقد تم اختيار أنت وعائلتك بشكل عشوائي لمغامرة حياتك.,您和您的家人已被随机选择一生的冒险。,Vy a vaše rodina jste byli náhodně vybráni pro dobrodružství vašeho života.,Sie und Ihre Familie wurden zufällig für das Abenteuer Ihres Lebens ausgewählt.,Usted y su familia han sido seleccionados al azar para la aventura de su vida.,Sinä ja perheesi on valittu satunnaisesti elämäsi seikkailuun.,Vous et votre famille avez été sélectionnés au hasard pour l'aventure de votre vie.,आपको और आपके परिवार को आपके जीवनकाल के साहसिक कार्य के लिए बेतरतीब ढंग से चुना गया है।,Tu e la tua famiglia siete stati selezionati casualmente per l'avventura della vostra vita.,あなたとあなたの家族はあなたの生涯の冒険のためにランダムに選ばれました。,당신과 당신의 가족은 당신의 일생의 모험을 위해 무작위로 선정되었습니다.,Ty i Twoja rodzina zostaliście losowo wybrani na przygodę twojego życia.,Você e sua família foram selecionados aleatoriamente para a aventura de sua vida.,Вы и ваша семья были выбраны случайным образом для приключений вашей жизни.,Ви та ваша родина були обрані випадковим чином для пригоди вашого життя.
DIALOG005,"Instead of skipping through the exciting space flight, you will foregoe cryogenic sleep in favor of maintaining and piloting the Star Wagon to her destination.","Instead of skipping through the exciting space flight, you will foregoe cryogenic sleep in favor of maintaining and piloting the Star Wagon to her destination. eh?",بدلاً من تخطي الرحلة الفضائية المثيرة ، ستتخلى عن النوم المبرد لصالح الحفاظ على عربة النجوم وتجريبها إلى وجهتها.,您不会跳过激动人心的太空飞行，而是放弃低温睡眠，而是支持并将恒星旅行车驾驶到她的目的地。,"Místo toho, abyste přeskočili vzrušujícím vesmírným letem, se vzdáte kryogennímu spánku ve prospěch udržování a pilotování hvězdného vozu do jejího cíle.","Anstatt durch den aufregenden Raumflug zu gehen, werden Sie auf kryogenen Schlaf verzichten, um den Sternwagen an ihrem Ziel zu erhalten und zu steuern.","En lugar de omitir el emocionante vuelo espacial, prestará el sueño criogénico a favor de mantener y pilotar el carro estrella hasta su destino.","Sen sijaan, että ohitat jännittävän avaruuslennon, voit luopua kryogeenisestä unesta tähtivaunun ylläpitämisen ja pilotoinnin hyväksi määränpäähänsä.","Au lieu de sauter le vol spatial passionnant, vous renoncerez au sommeil cryogénique en faveur du maintien et de la pilotage du wagon étoilé à sa destination.","रोमांचक अंतरिक्ष उड़ान के माध्यम से छोड़ने के बजाय, आप क्रायोजेनिक नींद को अपने गंतव्य के लिए स्टार वैगन को बनाए रखने और पायलट करने के पक्ष में सोएंगे।","Invece di saltare l'eccitante volo spaziale, rinuncerai al sonno criogenico a favore del mantenimento e del pilotaggio del carro stellare a destinazione.",エキサイティングな宇宙飛行をスキップする代わりに、スターワゴンを目的地に維持し、操縦することを支持して、極低温睡眠を見せかけます。,"흥미 진진한 우주 비행을 건너 뛰는 대신, 당신은 스타 마차를 목적지로 유지하고 조종하는 데 찬성하여 극저온 수면을 포기하게됩니다.","Zamiast przeskakiwać ekscytujący lot kosmiczny, zrezygnujesz z kriogenicznego snu na rzecz utrzymania i pilotowania Wagonu Gwiezdnego do miejsca docelowego.","Em vez de pular o empolgante vôo espacial, você irá abandonar o sono criogênico a favor de manter e pilotar a carroça estrela para seu destino.","Вместо того, чтобы пропустить захватывающий космический полет, вы откажетесь от криогенного сна в пользу поддержания и пилотирования звездного универсала до ее пункта назначения.","Замість того, щоб пропустити захоплюючий космічний політ, ви будете відмовлятися від кріогенного сну на користь підтримки та пілотування зіркового фургона до місця призначення."
DIALOG006,Please note human controls have been disabled until Star Wagon has reached its destination.,Please note human controls have been disabled until Star Wagon has reached its destination. eh?,يرجى ملاحظة أن الضوابط البشرية قد تم تعطيلها حتى وصلت Star Wagon إلى وجهتها.,请注意，直到Star Wagon到达目的地之前，人类控制已被禁用。,"Vezměte prosím na vědomí, že lidské kontroly byly deaktivovány, dokud Star Wagon nedosáhne cíle.","Bitte beachten Sie, dass menschliche Kontrollen deaktiviert wurden, bis Star Wagon sein Ziel erreicht hat.",Tenga en cuenta que los controles humanos se han deshabilitado hasta que Star Wagon haya llegado a su destino.,"Huomaa, että ihmisen hallintalaitteet on poistettu käytöstä, kunnes Star Wagon on saavuttanut määränpäänsä.",Veuillez noter que les contrôles humains ont été désactivés jusqu'à ce que Star Wagon ait atteint sa destination.,"कृपया ध्यान दें कि जब तक स्टार वैगन अपने गंतव्य तक नहीं पहुंच गया है, तब तक मानव नियंत्रण अक्षम कर दिया गया है।",Si noti che i controlli umani sono stati disabilitati fino a quando Star Wagon non ha raggiunto la sua destinazione.,Star Wagonが目的地に到達するまで、人間のコントロールが無効になっていることに注意してください。,Star Wagon이 목적지에 도달 할 때까지 인간의 통제가 비활성화되었습니다.,"Należy pamiętać, że elementy sterujące ludzkie nie zostały wyłączone, dopóki Star Wagon nie osiągnie celu.",Observe que os controles humanos foram desativados até que Star Wagon atinja seu destino.,"Обратите внимание, что элементы управления человеком были отключены до тех пор, пока Star Wagon не достигнет своего пункта назначения.","Зверніть увагу, людський контроль був відключений, поки зірковий фургон не досягне місця призначення."
DIALOG007,We hope you enjoy meeting the colorful indivuduals who have braved the harsh waypoints along your journey.,We hope you enjoy meeting the colorful indivuduals who have braved the harsh waypoints along your journey. eh?,نأمل أن تستمتع بمقابلة الأدوات غير الملونة التي تحدى نقاط الطريق القاسية على طول رحلتك.,我们希望您喜欢结识多彩的独立人士，他们在旅途中勇敢地勇敢地走路。,"Doufáme, že se vám bude líbit setkání s barevnými indivududuály, kteří podél vaší cesty odvážili drsné trasy.","Wir hoffen, dass Sie es genießen, die farbenfrohen Indivuduals zu treffen, die den harten Wegpunkten auf Ihrer Reise trotzen.",Esperamos que disfrute de conocer a los coloridos individuos que han desafiado los duros puntos de referencia a lo largo de su viaje.,"Toivomme, että nautit tapaamisesta värikkäiden yksilöiden tapaamisesta, jotka ovat rohkaisseet ankaria reittipisteitä matkallasi.",Nous espérons que vous apprécierez de rencontrer les indivugues colorées qui ont bravé les waypoints durs tout au long de votre voyage.,हम आशा करते हैं कि आप उन रंगीन अनिच्छुकों से मिलने का आनंद लेंगे जिन्होंने आपकी यात्रा के साथ कठोर तरीके से काम किया है।,Speriamo che ti piaccia incontrare gli indivuduali colorati che hanno sfidato i waypoint duri lungo il tuo viaggio.,あなたの旅に沿って厳しいウェイポイントに勇敢に立ち向かったカラフルな個々の人に会うことを楽しんでいただければ幸いです。,우리는 당신이 당신의 여행을 따라 가혹한 길을 가졌던 다채로운 고유 한 사람들을 만나는 것을 좋아하기를 바랍니다.,"Mamy nadzieję, że spodoba ci się spotkanie z kolorowymi osobami, którzy stawili czoła ostrym punktom trasy podczas podróży.",Esperamos que você goste de conhecer os índios coloridos que enfrentaram os dosos waypoints ao longo de sua jornada.,"Мы надеемся, что вам понравится встречаться с красочными подразделениями, которые выдержали суровые путевые точки по вашему путешествию.","Ми сподіваємось, що вам сподобається зустрічатися з барвистими індивольцями, які відважили суворі точки шляху по вашій подорожі."
DIALOG008,Please be aware the Earth Government provides no guarantee regarding your experiences with aformentioned individuals.,Please be aware the Earth Government provides no guarantee regarding your experiences with aformentioned individuals. eh?,يرجى العلم أن حكومة الأرض لا تقدم أي ضمان بخصوص خبراتك مع الأفراد المذكورة أعلاه.,请注意，地球政府对您与上述个人的经历没有保证。,"Uvědomte si, že vláda Země neposkytuje žádnou záruku týkající se vašich zkušeností s výše uvedenými jednotlivci.","Bitte beachten Sie, dass die Erdregierung keine Garantie für Ihre Erfahrungen mit den oben genannten Personen bietet.",Tenga en cuenta que el gobierno de la Tierra no ofrece garantía con respecto a sus experiencias con personas anteriores.,"Huomaa, että maanhallitus ei takaa kokemuksistasi edellä mainituista henkilöistä.",Veuillez noter que le gouvernement de la Terre ne garantit aucune garantie concernant vos expériences avec des personnes susmentionnées.,कृपया ध्यान रखें कि पृथ्वी सरकार उपरोक्त व्यक्तियों के साथ आपके अनुभवों के बारे में कोई गारंटी नहीं देती है।,Si prega di essere consapevoli che il governo terrestre non fornisce alcuna garanzia in merito alle tue esperienze con individui di cui sopra.,地球政府は、前述の個人とのあなたの経験に関する保証を提供しないことに注意してください。,지구 정부는 앞서 언급 한 개인과의 경험에 대해 보장을 제공하지 않습니다.,"Należy pamiętać, że rząd Ziemi nie gwarantuje twoich doświadczeń z wyżej wymienionymi jednostkami.",Esteja ciente de que o governo da Terra não oferece garantia sobre suas experiências com indivíduos mencionados.,"Пожалуйста, имейте в виду, что правительство Земли не дает никаких гарантий относительно вашего опыта с вышеупомянутыми людьми.","Будь ласка, майте на увазі, що уряд Землі не надає жодних гарантій щодо вашого досвіду з згаданими особами."
DIALOG009,Watch out for micro-meteoroids!,Watch out for micro-meteoroids! eh?,احترس من mitooroids الدقيقة!,提防微量符号！,Dejte si pozor na mikro-meteoroidy!,Achten Sie auf Mikro-Meteoroide!,¡Cuidado con los micro-meteoroides!,Varo mikrometeoroideja!,Attention aux micro-meteoroïdes!,माइक्रो-मेटोरॉइड्स के लिए बाहर देखो!,Fai attenzione ai micro-meteoroidi!,微小腸間葉に気をつけてください！,마이크로 비토 로이드를 조심하십시오!,Uważaj na mikro-meteoroidów!,Cuidado com micro-meteoróides!,Остерегайтесь микрометеороидов!,Слідкуйте за мікромотеороїдами!
DIALOG010,Good luck finding some available space.,Good luck finding some available space. eh?,حظا سعيدا في العثور على بعض المساحة المتاحة.,祝您好运找到一些可用的空间。,Hodně štěstí nalezení nějakého dostupného prostoru.,"Viel Glück, einen verfügbaren Platz zu finden.",Buena suerte para encontrar algo de espacio disponible.,Onnea löytää käytettävissä olevaa tilaa.,Bonne chance pour trouver un espace disponible.,कुछ उपलब्ध स्थान खोजने की शुभकामनाएँ।,Buona fortuna a trovare un po 'di spazio disponibile.,いくつかの利用可能なスペースを見つけてください。,가용 한 공간을 찾는 행운을 빕니다.,Powodzenia w znalezieniu dostępnej przestrzeni.,Boa sorte em encontrar algum espaço disponível.,Удачи в поиске доступного места.,Удачі знайшов якесь доступне місце.
DIALOG011,"Hey, welcome to the moon.","Hey, welcome to the moon. eh?",مرحبًا ، مرحبًا بك في القمر.,嘿，欢迎来到月球。,"Hej, vítejte na Měsíci.","Hey, willkommen im Mond.","Oye, bienvenido a la luna.","Hei, tervetuloa kuuhun.","Hé, bienvenue sur la lune.","अरे, चंद्रमा में आपका स्वागत है।","Ehi, benvenuto sulla luna.",ねえ、月へようこそ。,"이봐, 달에 오신 것을 환영합니다.","Hej, witaj na Księżycu.","Ei, bem -vindo à lua.","Эй, добро пожаловать на Луну.","Гей, ласкаво просимо на Місяць."
DIALOG012,There's a small Space Dock in case you missed anything from Earth.,There's a small Space Dock in case you missed anything from Earth. eh?,هناك رصيف مساحة صغيرة في حال فاتتك أي شيء من الأرض.,有一个小空间码头，以防您错过了地球上的任何东西。,"Je tu malý kosmický doku pro případ, že vám zmizelo něco ze Země.","Es gibt einen kleinen Raumdock, falls Sie etwas von der Erde verpasst haben.",Hay un pequeño muelle espacial en caso de que te hayas perdido algo de la Tierra.,"Siellä on pieni avaruustelakka, jos kaipaat mitään maasta.",Il y a un petit quai d'espace au cas où vous auriez manqué n'importe quoi sur la Terre.,"यदि आप पृथ्वी से कुछ भी याद करते हैं, तो एक छोटा अंतरिक्ष गोदी है।",C'è un piccolo bacino spaziale nel caso in cui ti sia perso qualcosa dalla Terra.,地球から何かを逃した場合に備えて、小さなスペースドックがあります。,지구에서 놓친 것이있을 경우 작은 우주 도크가 있습니다.,"Jest niewielka doka kosmiczna na wypadek, gdybyś przegapił czegokolwiek z Ziemi.","Há uma pequena doca de espaço, caso você tenha perdido qualquer coisa da Terra.","Есть небольшая космическая дока на случай, если вы пропустили что -нибудь с Земли.","Є невеликий простір причалу, якщо ви пропустили що -небудь із Землі."
DIALOG013,"The bots are carrying over your relocation fuel, sponsored by Hetap.","The bots are carrying over your relocation fuel, sponsored by Hetap. eh?",تحمل الروبوتات وقود النقل الخاص بك ، برعاية HETAP.,机器人载有您的搬迁燃料，由Hetap赞助。,"Roboti přenášejí vaše přemístěné palivo, sponzorované společností HETAP.",Die Bots übertragen Ihren von Hetap gesponserten Umzug.,"Los bots llevan sobre su combustible de reubicación, patrocinado por Hetap.","Robotit siirtävät siirtopolttoaineesi, jota on tukenut Hetap.","Les bots transportent votre carburant de relocalisation, parrainé par Hetap.","बॉट्स आपके पुनर्वास ईंधन को ले जा रहे हैं, HETAP द्वारा प्रायोजित।","I robot stanno portando il tuo carburante di trasferimento, sponsorizzato da Hetap.",ボットは、Hetapが後援するあなたの移転燃料を持ち歩いています。,봇은 Hetap이 후원하는 재배치 연료를 통과하고 있습니다.,"Boty przenoszą paliwo relokacji, sponsorowane przez Hetap.","Os bots estão carregando seu combustível de realocação, patrocinado pela HETAP.","Боты переносят ваше топливо для переезда, спонсируемое Hetap.","Боти переносять ваше паливо, спонсороване Hetap."
DIALOG014,Talk to them if anything's wrong.,Talk to them if anything's wrong. eh?,تحدث إليهم إذا كان هناك أي شيء خاطئ.,如果有什么问题，请与他们交谈。,"Promluvte si s nimi, pokud se něco špatně.","Sprechen Sie mit ihnen, wenn etwas nicht stimmt.",Hable con ellos si algo está mal.,"Keskustele heidän kanssaan, jos jotain on vialla.",Parlez-leur si quelque chose ne va pas.,कुछ गलत होने पर उनसे बात करें।,Parla con loro se qualcosa non va.,何かが間違っている場合は彼らに話しかけてください。,잘못된 것이 있으면 그들에게 이야기하십시오.,"Porozmawiaj z nimi, jeśli coś jest nie tak.","Fale com eles, se houver alguma coisa errada.","Поговорите с ними, если что -то не так.","Поговоріть з ними, якщо щось не так."
DIALOG015,Bye,Bye eh?,الوداع,再见,sbohem,Tschüss,Adiós,Hei hei,Au revoir,अलविदा,Ciao,さよなら,안녕,Do widzenia,Tchau,Пока,Побачення
DIALOG021,Welcome to Mars!,Welcome to Mars! eh?,مرحبا بكم في المريخ!,欢迎来到火星！,Vítejte na Marsu!,Willkommen bei Mars!,¡Bienvenido a Marte!,Tervetuloa Marsiin!,Bienvenue sur Mars!,मंगल पर आपका स्वागत है!,Benvenuti in Marte!,火星へようこそ！,화성에 오신 것을 환영합니다!,Witamy w Mars!,Bem -vindo a Marte!,Добро пожаловать на Марс!,Ласкаво просимо на Марс!
DIALOG022,"You're almost half way there!  Well, not really, but we can keep the optimism alive!","You're almost half way there!  Well, not really, but we can keep the optimism alive! eh?",أنت تقريبا في منتصف الطريق هناك! حسنًا ، ليس حقًا ، لكن يمكننا الحفاظ على التفاؤل على قيد الحياة!,你快到了！好吧，不是真的，但是我们可以保持乐观情绪！,"Jsi téměř na půl cesty! No, ne opravdu, ale můžeme udržet optimismus naživu!","Du bist fast auf halbem Weg dort! Nun, nicht wirklich, aber wir können den Optimismus am Leben erhalten!","¡Estás casi a mitad de camino! Bueno, en realidad no, ¡pero podemos mantener vivo el optimismo!","Olet melkein puolivälissä siellä! No, ei oikeastaan, mutta voimme pitää optimismin hengissä!","Vous êtes presque à mi-chemin! Eh bien, pas vraiment, mais nous pouvons garder l'optimisme en vie!","तुम वहाँ लगभग आधे रास्ते हो! ठीक है, वास्तव में नहीं, लेकिन हम आशावाद को जीवित रख सकते हैं!","Sei quasi a metà strada lì! Beh, non proprio, ma possiamo mantenere vivo l'ottimismo!",あなたはほぼ半分です！まあ、そうではありませんが、私たちは楽観主義を生き続けることができます！,"당신은 거의 절반에 있습니다! 글쎄, 실제로는 아니지만 우리는 낙관주의를 살아 남을 수 있습니다!","Jesteś prawie w połowie drogi! Cóż, nie bardzo, ale możemy utrzymać optymizm przy życiu!","Você está quase na metade do caminho! Bem, na verdade não, mas podemos manter o otimismo vivo!","Ты почти на полпути! Ну, не совсем, но мы можем сохранить оптимизм в живых!","Ти майже на півдорозі! Ну, не дуже, але ми можемо зберегти оптимізм живим!"
DIALOG023,I'll be happy to trade any of your waste and resupply with whatever you need.,I'll be happy to trade any of your waste and resupply with whatever you need. eh?,سأكون سعيدًا بتداول أي من نفاياتك وإعادة تزويدك بكل ما تحتاجه.,我很乐意将您的任何浪费交易，并与您需要的任何东西进行补给。,"Rádi vyměním jakýkoli z vašeho odpadu a doplňuji s tím, co potřebujete.","Ich werde gerne etwas von Ihrer Verschwendung eintauschen und mit dem, was Sie brauchen, wiederverwendet werden.",Estaré encantado de cambiar cualquiera de sus desechos y reabastecer con lo que necesite.,Vaihdan mielelläni mitä tahansa jätettäsi ja varmennetaan mitä tarvitset.,Je serai heureux d'échanger l'un de vos déchets et de réapprovisionnement avec tout ce dont vous avez besoin.,मुझे आपके किसी भी कचरे का व्यापार करने में खुशी होगी और आपको जो कुछ भी चाहिए उसके साथ फिर से तैयार हो जाएगा।,Sarò felice di scambiare uno dei tuoi rifiuti e di rifornire con tutto ciò di cui hai bisogno.,私はあなたの廃棄物を何でも交換し、あなたが必要なものを何でも補充させていただきます。,나는 당신의 폐기물을 교환하고 필요한 모든 것과 교환 할 것입니다.,"Z przyjemnością wymienię twoje odpady i zaopatrzenie się za wszystko, czego potrzebujesz.",Ficarei feliz em trocar qualquer um dos seus resíduos e reabastecer com o que você precisar.,"Я буду рад обменять любую из ваших отходов и пополнить все, что вам нужно.","Я буду радий торгувати будь -якими вашими відходами та відпочити з тим, що вам потрібно."
DIALOG024,Just let the bots know what you're wanting to trade and we'll get it taken care of.,Just let the bots know what you're wanting to trade and we'll get it taken care of. eh?,فقط دع الروبوتات تعرف ما تريد التداول وسنلقي به.,只需让机器人知道您要交易的东西，我们就会照顾它。,"Jen dejte robotům vědět, co chcete obchodovat, a my to postaráme.","Lassen Sie die Bots nur wissen, was Sie handeln möchten, und wir werden es uns erledigen.",Solo deje que los bots sepan lo que quiere comerciar y lo cuidaremos.,"Kerro vain roboteille, mitä haluat käydä kauppaa, ja saamme sen huolehtimaan.",Faites simplement savoir aux bots ce que vous voulez échanger et nous le verrons.,बस बॉट्स को बताएं कि आप क्या व्यापार करना चाहते हैं और हम इसका ध्यान रखेंगे।,Fai sapere ai robot di cosa vuoi commerciare e lo faremo cura.,あなたが取引したいものをボットに知らせるだけで、私たちはそれを世話します。,봇에게 당신이 당신이 거래하고 싶은지 알려 주면 우리는 그것을 돌볼 것입니다.,"Po prostu poinformuj boty, co chcesz handlować, a my zajmiemy się tym.",Informe os bots sobre o que você deseja negociar e vamos cuidar.,"Просто сообщите ботам, что вы хотите обменять, и мы позаботимся об этом.","Просто дайте ботам, що ви хочете торгувати, і ми будемо подбати про це."
DIALOG031,Welcome to Europa,Welcome to Europa eh?,مرحبا بكم في أوروبا,欢迎来到欧罗巴,Vítejte na Evropě,Willkommen in Europa,Bienvenido a Europa,Tervetuloa Europa,Bienvenue à Europa,यूरोपा में आपका स्वागत है,Benvenuti in Europa,Europaへようこそ,Europa에 오신 것을 환영합니다,Witamy w Europa,Bem -vindo ao Europa,Добро пожаловать в Европу,Ласкаво просимо до Європи
DIALOG032,"We've got water, but not much else.","We've got water, but not much else. eh?",لدينا الماء ، ولكن ليس الكثير.,我们有水，但没有其他水。,"Máme vodu, ale ne nic jiného.","Wir haben Wasser, aber nicht viel anderes.","Tenemos agua, pero no mucho más.","Meillä on vettä, mutta ei paljon muuta.","Nous avons de l'eau, mais pas grand-chose d'autre.","हमें पानी मिला है, लेकिन ज्यादा नहीं।","Abbiamo acqua, ma non molto altro.",私たちは水を持っていますが、他にはあまりありません。,우리는 물이 있지만 그다지 많지는 않습니다.,"Mamy wodę, ale niewiele więcej.","Temos água, mas não muito mais.","У нас есть вода, но больше не так много.","У нас є вода, але не багато іншого."
DIALOG033,"Still, better than being on the belt.","Still, better than being on the belt. eh?",لا يزال ، أفضل من أن تكون على الحزام.,尽管如此，比踏上腰带更好。,"Přesto, lepší než být na pásu.",Trotzdem besser als am Gürtel zu sein.,"Aún así, mejor que estar en el cinturón.",Silti parempi kuin vyöllä oleminen.,"Pourtant, mieux que d'être sur la ceinture.","फिर भी, बेल्ट पर होने से बेहतर है।","Tuttavia, meglio che essere sulla cintura.",それでも、ベルトの上にいるよりはましです。,그래도 벨트에있는 것보다 낫습니다.,Mimo to lepsze niż bycie na pasku.,"Ainda assim, melhor do que estar no cinto.","Тем не менее, лучше, чем быть на поясе.","І все -таки краще, ніж бути на поясі."
DIALOG034,Enjoy the warmth while you can.,Enjoy the warmth while you can. eh?,استمتع بالدفء بينما تستطيع.,尽可能享受温暖。,"Užijte si teplo, když můžete.","Genießen Sie die Wärme, während Sie können.",Disfruta del calor mientras puedas.,"Nauti lämmöstä, kun pystyt.",Profitez de la chaleur pendant que vous le pouvez.,जब आप कर सकते हैं तो गर्मी का आनंद लें।,Goditi il ​​calore mentre puoi.,できる限り暖かさをお楽しみください。,할 수있는 동안 따뜻함을 즐기십시오.,"Ciesz się ciepłem, póki możesz.",Aproveite o calor enquanto puder.,"Наслаждайтесь теплом, пока можете.","Насолоджуйтесь теплом, поки можете."
DIALOG035,Bye,Bye eh?,الوداع,再见,sbohem,Tschüss,Adiós,Hei hei,Au revoir,अलविदा,Ciao,さよなら,안녕,Do widzenia,Tchau,Пока,Побачення
DIALOG041,Welcome to the outer reaches of Humanity.,Welcome to the outer reaches of Humanity. eh?,مرحبًا بك في الوصول الخارجي للإنسانية.,欢迎来到人类的外界。,Vítejte ve vnějším dosahu lidstva.,Willkommen zu den äußeren Gebieten der Menschheit.,Bienvenido a los tramos exteriores de la humanidad.,Tervetuloa ihmiskunnan ulkopuolisiin ulottuvuuksiin.,Bienvenue dans les parties extérieures de l'humanité.,मानवता की बाहरी पहुंच में आपका स्वागत है।,Benvenuti ai raggi esterni dell'umanità.,人類の外側へようこそ。,인류의 외부 도달에 오신 것을 환영합니다.,Witamy w zewnętrznych zasięgach ludzkości.,Bem -vindo aos alcances externos da humanidade.,Добро пожаловать на внешние границы человечества.,Ласкаво просимо до зовнішніх досягнень людства.
DIALOG042,"From here, you're going it alone.","From here, you're going it alone. eh?",من هنا ، أنت ذاهب بمفردك.,从这里，您一个人要去。,Odtud to jdeš sám.,Von hier aus gehst du alleine.,"Desde aquí, lo vas solo.",Tästä eteenpäin olet menossa yksin.,"De là, vous y allez seul.","यहाँ से, आप इसे अकेले जा रहे हैं।","Da qui, lo stai andando da solo.",ここから、あなたはそれを一人で行っています。,여기에서 당신은 혼자 가고 있습니다.,Stąd idziesz sam.,"A partir daqui, você está indo sozinho.",Отсюда вы идете в одиночку.,Звідси ви їдете наодинці.
DIALOG043,"Good luck, we'll be listening for your arrival message.","Good luck, we'll be listening for your arrival message. eh?",حظا سعيدا ، سنستمع لرسالة وصولك.,祝您好运，我们会听您的到达消息。,"Hodně štěstí, posloucháme vaši zprávu o příjezdu.","Viel Glück, wir werden auf Ihre Ankunftsnachricht hören.","Buena suerte, escucharemos su mensaje de llegada.","Onnea, kuuntelemme saapumisviestiäsi.","Bonne chance, nous écouterons votre message d'arrivée.","सौभाग्य, हम आपके आगमन संदेश के लिए सुनेंगे।","Buona fortuna, ascolteremo il tuo messaggio di arrivo.",頑張ってください、私たちはあなたの到着メッセージを聞いています。,"행운을 빕니다, 우리는 당신의 도착 메시지를들을 것입니다.","Powodzenia, będziemy słuchać Twojej wiadomości o przybyciu.","Boa sorte, estaremos ouvindo sua mensagem de chegada.","Удачи, мы будем прислушиваться к вашему сообщению о прибытии.","Удачі, ми будемо слухати ваше повідомлення про приїзд."
DIALOG051,We made it to Wolf 1601c!,We made it to Wolf 1601c! eh?,لقد وصلنا إلى الذئب 1601C!,我们到达了Wolf 1601c！,Dostali jsme se na Wolf 1601C!,Wir haben es zu Wolf 1601c geschafft!,¡Llegamos a Wolf 1601c!,Teimme sen susi 1601c!,Nous sommes arrivés à Wolf 1601C!,हमने इसे वुल्फ 1601C में बनाया है!,Siamo arrivati ​​a Wolf 1601C!,Wolf 1601cに到着しました！,우리는 그것을 Wolf 1601C에 만들었습니다!,Dotarliśmy do Wolfa 1601C!,Chegamos ao Wolf 1601C!,Мы добрались до Wolf 1601c!,Ми доїхали до Wolf 1601C!
DIALOG052,The bots have identified a nice place to land and start our colony.,The bots have identified a nice place to land and start our colony. eh?,حددت الروبوتات مكانًا لطيفًا للهبوط وبدء مستعمرةنا.,机器人已经确定了一个好地方，可以开始我们的殖民地。,Boti identifikovali pěkné místo pro přistání a založení naší kolonie.,Die Bots haben einen schönen Ort zum Lande und Beginn unserer Kolonie identifiziert.,Los bots han identificado un buen lugar para aterrizar y comenzar nuestra colonia.,Robotit ovat tunnistaneet mukavan paikan laskeutua ja aloittamaan siirtokunnamme.,Les bots ont identifié un bel endroit pour atterrir et démarrer notre colonie.,बॉट्स ने हमारी कॉलोनी को शुरू करने और शुरू करने के लिए एक अच्छी जगह की पहचान की है।,I robot hanno identificato un bel posto per atterrare e iniziare la nostra colonia.,ボットは、私たちの植民地を着陸させて始めるのに最適な場所を特定しました。,봇은 착륙하고 식민지를 시작하기에 좋은 곳을 확인했습니다.,Boty zidentyfikowały miłe miejsce do lądowania i założyć naszą kolonię.,Os bots identificaram um bom lugar para pousar e começar nossa colônia.,"Боты определили хорошее место, чтобы приземлиться и начать нашу колонию.",Боти визначили приємне місце для висадки та починають нашу колонію.
DIALOG053,Congratulations and good luck on the next part of your adventure.,Congratulations and good luck on the next part of your adventure. eh?,تهانينا ونتمنى لك التوفيق في الجزء التالي من مغامرتك.,恭喜您冒险的下一部分祝您好运。,Gratulujeme a hodně štěstí k další části vašeho dobrodružství.,Herzlichen Glückwunsch und viel Glück zum nächsten Teil Ihres Abenteuers.,Felicitaciones y buena suerte en la próxima parte de tu aventura.,Onnittelut ja onnea seikkailusi seuraavasta osasta.,Félicitations et bonne chance pour la prochaine partie de votre aventure.,आपके साहसिक कार्य के अगले भाग में बधाई और शुभकामनाएँ।,Congratulazioni e buona fortuna per la prossima parte della tua avventura.,あなたの冒険の次の部分におめでとうと幸運を祈ります。,모험의 다음 부분을 축하하고 행운을 빕니다.,Gratulacje i powodzenia następnej części Twojej przygody.,Parabéns e boa sorte pela próxima parte da sua aventura.,Поздравляем и удачи в следующей части вашего приключения.,Вітаємо та удачі з наступною частиною вашої пригоди.
DOOURBEST,We'll do our best,We'll do our best eh?,ونحن سوف نبذل قصارى جهدنا,我们会尽力而为,Uděláme maximum,Wir werden unser Bestes tun,Haremos lo mejor,Teemme parhaamme,Nous ferons de notre mieux,हम भरसक प्रयास करेंगे,Faremo del nostro meglio,私たちは最善を尽くします,우리는 최선을 다할 것입니다,"Zrobimy wszystko, co w naszej mocy",Faremos o nosso melhor,Мы сделаем все возможное,Ми зробимо все можливе
EARTH,Earth,Earth eh?,أرض,地球,Země,Erde,Tierra,Maa,Terre,धरती,Terra,地球,지구,Ziemia,Terra,Земля,Земля
ENERGY,Energy,Energy eh?,طاقة,活力,Energie,Energie,Energía,Energia,Énergie,ऊर्जा,Energia,エネルギー,에너지,Energia,Energia,Энергия,Енергія
ENERGYCAPACITY,Energy Capacity,Energy Capacity eh?,قدرة الطاقة,能源容量,Energetická kapacita,Energiekapazität,Capacidad energética,Energiakapasiteetti,Capacité énergétique,ऊर्जा क्षमता,Capacità energetica,エネルギー容量,에너지 용량,Pojemność energetyczna,Capacidade de energia,Энергетическая способность,Енергетична потужність
EUROPA,Europa,Europa eh?,أوروبا,欧罗巴,Evropa,Europa,Europa,Europa,Europa,यूरोपा,Europa,ヨーロッパ,유로파,Europa,Europa,Европа,Європа
EXIT,Exit game,Exit game eh?,الخروج من اللعبة,退出游戏,Výstupní hra,Spiel verlassen,Salir del juego,Poistumispeli,Quitter le jeu,खेल से बाहर जाएं,Gioco di uscita,ゲームを終了します,나가 게임,Wyjdź z gry,Sair do jogo,Выходная игра,Гра виходу
FAREWELLMOON,Farewell Moon,Farewell Moon eh?,وداع القمر,告别月亮,Sbohem Měsíc,Abschiedsmond,Luna despedida,Jäähyväiset,Lune d'adieu,विदाई चाँद,AREWELL MOON,別れの月,작별 문,Pożegnanie księżyca,Lua de despedida,Прощальная луна,Прощальний місяць
FISH,Fish,Fish eh?,سمكة,鱼,Ryba,Fisch,Pez,Kalastaa,Poisson,मछली,Pescare,魚,물고기,Ryba,Peixe,Рыба,Риба
FISHERY,Fishery,Fishery eh?,مصايد الأسماك,渔业,Rybolov,Fischerei,Pesquería,Kalastus,Pêcherie,मछली पकड़ना,Pesca,漁業,어업,Rybołówstwo,Pesca,Промысел,Рибальство
FONT,Font,Font eh?,الخط,字体,Písmo,Schriftart,Fuente,Fontti,Police de caractère,फ़ॉन्ट,Font,フォント,폰트,Czcionka,Fonte,Шрифт,Шрифт
FOOD,Food,Food eh?,طعام,食物,Jídlo,Essen,Alimento,Ruoka,Nourriture,खाना,Cibo,食べ物,음식,Żywność,Comida,Еда,Їжа
FUEL,Fuel,Fuel eh?,وقود,燃料,Palivo,Kraftstoff,Combustible,Polttoaine,Carburant,ईंधन,Carburante,燃料,연료,Paliwo,Combustível,Топливо,Паливо
FUSIONGENERATOR,Fusion generator,Fusion generator eh?,مولد الانصهار,融合发生器,Fusion Generator,Fusionsgenerator,Generador de fusión,Fuusiogeneraattori,Générateur de fusion,संलयन जनरेटर,Generatore di fusione,融合ジェネレーター,퓨전 생성기,Generator fuzji,Gerador de fusão,Генератор слияния,Генератор синтезу
GEETHANKS,"Gee, thanks","Gee, thanks eh?",جي ، شكرا,哎呀，谢谢,"Gee, díky",Alter! Danke,"Gee, gracias","Gee, kiitos",Hé Merci,बहुत धन्यवाद,"Wow, grazie",ねえ、ありがとう,고마워요,Ojej dzięki,"Caramba, valeu","Ну и дела, спасибо","Гей, дякую"
GENERAL,General,General eh?,عام,一般的,Všeobecné,Allgemein,General,Yleinen,Général,सामान्य,Generale,一般的な,일반적인,Ogólny,Em geral,Общий,Загальний
GENERATORS,Generators,Generators eh?,مولدات كهرباء,发电机,Generátory,Generatoren,Generadores,Generaattorit,Générateurs,जेनरेटर,Generatori,ジェネレーター,발전기,Generatory,Geradores,Генераторы,Генератори
GREATTHANKS,"Great, thanks!","Great, thanks! eh?",عظيم ، شكرا!,万分感谢！,Velký dík!,Vielen Dank!,¡Muchas gracias!,Suuret kiitokset!,Grand merci!,बहुत बहुत शुक्रिया!,Grazie mille!,まことにありがとうございます！,"좋아요, 감사합니다!",Wielkie dzięki!,"Ótimo, obrigado!",Большое спасибо!,Щиро дякую!
HUMANS,Humans,Humans eh?,البشر,人类,Lidé,Menschen,Humanos,Ihmiset,Humains,इंसानों,Umani,人間,인간,Ludzie,Humanos,Люди,Люди
HYDROPONICS,Hydroponics,Hydroponics eh?,الزراعة المائية,水培法,Hydroponie,Hydroponik,Hidroponia,Vesiviljely,Hydroponique,हीड्रोपोनिक्स,Idroponico,水耕栽培,수경법,Hydroponika,Hidroponia,Гидропоника,Гідропоніка
KEEPWARM,Keep Warm,Keep Warm eh?,ابق دافىء,保持温暖,Udržet v teple,Warm halten,Mantener caliente,Pysyä lämpimänä,Garder au chaud,सुरक्षित रखना,Tenere caldo,暖かくしてください,따뜻한 상태를 유지해,Wstępuj,Continue quente,Согреться,Тримати теплим
KUIPERBELT,Kuiper Belt,Kuiper Belt eh?,حزام كويبر,Kuiper带,Kuiper pás,Kuiper Gürtel,cinturón de Kuiper,Kuiperin vyö,Ceinture de kuiper,क्विपर पट्टी,fascia di Kuiper,カイパーベルト,Kuiper 벨트,Pas Kuiper,Cinturão Kuiper,Kuiper left,Куйперський пояс
LEVEL,Level,Level eh?,مستوى,等级,Úroveň,Ebene,Nivel,Taso,Niveau,स्तर,Livello,レベル,수준,Poziom,Nível,Уровень,Рівень
LIVELONGANDPROSPER,Live Long and Prosper,Live Long and Prosper eh?,عش لفترة طويلة وازدهار,健康长寿·繁荣昌盛,Žít dlouho a prosperovat,Lange leben und gedeihen,Vivir mucho tiempo y prosperar,Elä pitkään ja menesty,Vivre longtemps et prospérer,आपकी उम्र लंबी हो और आप समृद्ध बने,Vivi a lungo ed in prosperità,長く生きると繁栄,장수와 번영,Żyj długo i szczęśliwie,Vida longa e próspera,Живи долго и процветай,Жити довго і процвітати
LOCALE,Locale,Locale eh?,لغة,语言环境,Národní prostředí,Gebietsschema,Lugar,Paikallinen,Lieu,स्थान,Locale,ロケール,장소,Widownia,Localidade,Локаль,Місцевий
LOCALE_AR,عربي,عربي,عربي,عربي,عربي,عربي,عربي,عربي,عربي,عربي,عربي,عربي,عربي,عربي,عربي,عربي,عربي
LOCALE_CMN,普通话中国,普通话中国,普通话中国,普通话中国,普通话中国,普通话中国,普通话中国,普通话中国,普通话中国,普通话中国,普通话中国,普通话中国,普通话中国,普通话中国,普通话中国,普通话中国,普通话中国
LOCALE_CS,Čeština,Čeština,Čeština,Čeština,Čeština,Čeština,Čeština,Čeština,Čeština,Čeština,Čeština,Čeština,Čeština,Čeština,Čeština,Čeština,Čeština
LOCALE_DE,Deutsch,Deutsch,Deutsch,Deutsch,Deutsch,Deutsch,Deutsch,Deutsch,Deutsch,Deutsch,Deutsch,Deutsch,Deutsch,Deutsch,Deutsch,Deutsch,Deutsch
LOCALE_EN,English,English,English,English,English,English,English,English,English,English,English,English,English,English,English,English,English
LOCALE_EN_CA,English (Canadian),English (Canadian),English (Canadian),English (Canadian),English (Canadian),English (Canadian),English (Canadian),English (Canadian),English (Canadian),English (Canadian),English (Canadian),English (Canadian),English (Canadian),English (Canadian),English (Canadian),English (Canadian),English (Canadian)
LOCALE_ES,Español,Español,Español,Español,Español,Español,Español,Español,Español,Español,Español,Español,Español,Español,Español,Español,Español
LOCALE_FI,Suomalainen,Suomalainen,Suomalainen,Suomalainen,Suomalainen,Suomalainen,Suomalainen,Suomalainen,Suomalainen,Suomalainen,Suomalainen,Suomalainen,Suomalainen,Suomalainen,Suomalainen,Suomalainen,Suomalainen
LOCALE_FR,Français,Français,Français,Français,Français,Français,Français,Français,Français,Français,Français,Français,Français,Français,Français,Français,Français
LOCALE_HI,हिंदी,हिंदी,हिंदी,हिंदी,हिंदी,हिंदी,हिंदी,हिंदी,हिंदी,हिंदी,हिंदी,हिंदी,हिंदी,हिंदी,हिंदी,हिंदी,हिंदी
LOCALE_IT,Italiano,Italiano,Italiano,Italiano,Italiano,Italiano,Italiano,Italiano,Italiano,Italiano,Italiano,Italiano,Italiano,Italiano,Italiano,Italiano,Italiano
LOCALE_JA,日本語,日本語,日本語,日本語,日本語,日本語,日本語,日本語,日本語,日本語,日本語,日本語,日本語,日本語,日本語,日本語,日本語
LOCALE_KO,한국인,한국인,한국인,한국인,한국인,한국인,한국인,한국인,한국인,한국인,한국인,한국인,한국인,한국인,한국인,한국인,한국인
LOCALE_PL,Polski,Polski,Polski,Polski,Polski,Polski,Polski,Polski,Polski,Polski,Polski,Polski,Polski,Polski,Polski,Polski,Polski
LOCALE_PT,Português,Português,Português,Português,Português,Português,Português,Português,Português,Português,Português,Português,Português,Português,Português,Português,Português
LOCALE_RU,Русский,Русский,Русский,Русский,Русский,Русский,Русский,Русский,Русский,Русский,Русский,Русский,Русский,Русский,Русский,Русский,Русский
LOCALE_UK,Український,Український,Український,Український,Український,Український,Український,Український,Український,Український,Український,Український,Український,Український,Український,Український,Український
LOCALECURRENT,Current locale,Current locale eh?,اللغة الحالية,当前语言环境,Aktuální národní prostředí,Aktuelles Gebietsschema,Localidad actual,Nykyinen sijainti,Lieu actuel,वर्तमान स्थान,Locale locale,現在のロケール,현재 로케일,Obecny region,Local atual,Текущий локаль,Поточний локал
LOCALESET,Set your preferred language.,Set your preferred language. eh?,اضبط لغتك المفضلة.,设置您喜欢的语言。,Nastavte svůj preferovaný jazyk.,Stellen Sie Ihre bevorzugte Sprache ein.,Establezca su idioma preferido.,Aseta haluamasi kielesi.,Définissez votre langue préférée.,अपनी पसंदीदा भाषा सेट करें।,Imposta la tua lingua preferita.,お好みの言語を設定します。,선호하는 언어를 설정하십시오.,Ustaw swój preferowany język.,Defina seu idioma preferido.,Установите предпочитаемый язык.,Встановіть свою бажану мову.
LOSSDIALOG01,Game Over,Game Over eh?,انتهت اللعبة,游戏结束,Konec hry,Spiel vorbei,Juego terminado,Peli ohi,Jeu terminé,खेल खत्म,Game Over,ゲームオーバー,게임 끝,Koniec gry,Game Over,Игра закончена,Гра завершена
LOSSTITLE,"Good game, but it's over","Good game, but it's over eh?",لعبة جيدة ، لكنها انتهت,好游戏，但结束了,"Dobrá hra, ale je po všem","Gutes Spiel, aber es ist vorbei","Buen juego, pero ha terminado","Hyvä peli, mutta se on ohi","Bon jeu, mais c'est fini","अच्छा खेल, लेकिन यह खत्म हो गया है","Buon gioco, ma è finita",良いゲームですが、それは終わりました,좋은 게임이지만 끝났습니다,"Dobra gra, ale to koniec","Bom jogo, mas acabou","Хорошая игра, но все кончено","Хороша гра, але вона закінчилася"
MAINMENU,Main Menu,Main Menu eh?,القائمة الرئيسية,主菜单,Hlavní menu,Hauptmenü,Menú principal,Päävalikko,Menu principal,मुख्य मेन्यू,Menu principale,メインメニュー,메인 메뉴,Menu główne,Menu principal,Главное меню,Головне меню
MARS,Mars,Mars eh?,المريخ,火星,Mars,Mars,Marte,Mars,Mars,मंगल ग्रह,Marte,火星,화성,Mars,Marte,Марс,Марс
MESSAGES,Messages,Messages eh?,رسائل,消息,Zprávy,Mitteilungen,Mensajes,Viestit,messages,संदेशों,Messaggi,メッセージ,메시지,Wiadomości,Mensagens,Сообщения,Повідомлення
MONEY,Money,Money eh?,مال,钱,Peníze,Geld,Dinero,Raha,Argent,धन,Soldi,お金,돈,Pieniądze,Dinheiro,Деньги,Гроші
MOON,Moon,Moon eh?,قمر,月亮,Měsíc,Mond,Luna,Kuu,Lune,चंद्रमा,Luna,月,달,Księżyc,Lua,Луна,Місяць
NEATTHANKS,"Neat, thanks","Neat, thanks eh?",أنيق ، شكرا,整洁，谢谢,"Elegantní, díky","Ordentlich, danke","Ordenado, gracias","Siisti, kiitos","Soigné, merci","स्वच्छ, धन्यवाद","Pulito, grazie",きちんと、ありがとう,깔끔합니다. 감사합니다,"Schludny, dzięki","Legal, obrigado","Аккуратно, спасибо","Акуратно, дякую"
NOTTSVOICE,No TTS voices available,No TTS voices available eh?,لا توجد أصوات TTS متوفرة,没有TTS声音可用,K dispozici nejsou žádné hlasy TTS,Keine TTS -Stimmen verfügbar,No hay voces TTS disponibles,TTS -ääniä ei ole käytettävissä,Aucune voix TTS disponible,कोई टीटीएस आवाज़ उपलब्ध नहीं है,Nessuna voce TTS disponibile,TTSの声はありません,TTS 목소리를 사용할 수 없습니다,Brak dostępnych głosów TTS,Nenhuma voz TTS disponível,Нет голосов TTS,Немає голосів TTS
OPTIONS,Options,Options eh?,خيارات,选项,Možnosti,Optionen,Opción,Vaihtoehdot,Options,विकल्प,Opzioni,オプション,옵션,Opcje,Opções,Параметры,Варіанти
OXYGENGENERATOR,Oxygen generator,Oxygen generator eh?,مولد الأكسجين,氧气发生器,Generátor kyslíku,Sauerstoffgenerator,Generador de oxígeno,Happigeneraattori,Générateur d'oxygène,ऑक्सीजन जनरेटर,Generatore di ossigeno,酸素ジェネレーター,산소 생성기,Generator tlenu,Gerador de oxigênio,Кислород генератор,Кисневий генератор
PAUSE,Pause,Pause eh?,يوقف,暂停,Pauza,Pause,Pausa,Tauko,Pause,विराम,Pausa,一時停止,정지시키다,Pauza,Pausa,Пауза,Пауза
PERSECOND,Per second,Per second eh?,في الثانية,每秒,Za sekundu,Pro Sekunde,Por segundo,Sekunnissa,Par seconde,प्रति सेकंड,Al secondo,毎秒,초당,Na sekundę,Por segundo,В секунду,За секунду
PICKLOCALEFROMLIST,Choose language from list,Choose language from list eh?,اختر اللغة من القائمة,从列表中选择语言,Vyberte jazyk ze seznamu,Wählen Sie Sprache aus der Liste,Elija el idioma de la lista,Valitse kieli luettelosta,Choisissez la langue dans la liste,सूची से भाषा चुनें,Scegli la lingua dall'elenco,リストから言語を選択します,목록에서 언어를 선택하십시오,Wybierz język z listy,Escolha o idioma da lista,Выберите язык из списка,Виберіть мову зі списку
PLANTS,Plants,Plants eh?,النباتات,植物,Rostliny,Pflanzen,Plantas,Kasvit,Plantes,पौधे,Impianti,植物,식물,Rośliny,Plantas,Растения,Рослини
PREFERENCE,Preference,Preference eh?,التفضيل,偏爱,Přednost,Präferenz,Preferencia,Mieluummin,Préférence,वरीयता,Preferenza,好み,선호,Pierwszeństwo,Preferência,Предпочтение,Перевага
QUIET,Quiet,Quiet eh?,هادئ,安静的,Klid,Ruhig,Tranquilo,Hiljainen,Calme,शांत,Tranquillo,静かな,조용한,Cichy,Quieto,Тихий,Спокійно
RANOUTOF,Ran out of:,Ran out of: eh?,اخرج من:,没有了：,Došel:,Ausging:,Quedarse sin:,Loppua:,A manqué de:,से बाहर भाग गया:,A corto di:,を使い果たしました：,떨어졌다:,Kończyć się:,Ficou sem:,Закончилось:,Закінчився:
RATES,Rates,Rates eh?,معدلات,费率,Sazby,Preise,Tarifa,Hinnat,Les taux,दरें,Aliquote,料金,요율,Stawki,Cotações,Ставки,Тарифи
READTTS,Read with TTS,Read with TTS eh?,اقرأ مع TTS,用TTS阅读,Přečtěte si s TTS,Lesen Sie mit TTS,Leer con TTS,Lue TTS: llä,Lire avec TTS,टीटीएस के साथ पढ़ें,Leggi con TTS,TTSで読む,TTS로 읽으십시오,Czytaj z TTS,Leia com TTS,Читайте с TTS,Читайте з TTS
REPAIR,Repair,Repair eh?,بصلح,维修,Opravit,Reparatur,Reparar,Korjaus,Réparation,मरम्मत,Riparazione,修理,수리하다,Naprawa,Reparar,Ремонт,Ремонт
RESOURCES,Resources,Resources eh?,موارد,资源,Zdroje,Ressourcen,Recursos,Resurssit,Ressources,संसाधन,Risorse,リソース,자원,Zasoby,Recursos,Ресурсы,Ресурси
SCIENCE,Science,Science eh?,علوم,科学,Věda,Wissenschaft,Ciencia,Tiede,Science,विज्ञान,Scienza,科学,과학,Nauka,Ciência,Наука,Наука
SETTLE,Start the Settlement,Start the Settlement eh?,بدء التسوية,开始解决方案,Začněte osídlení,Beginnen Sie die Siedlung,Iniciar el acuerdo,Aloita ratkaisu,Démarrer le règlement,बस्ती शुरू करें,Inizia l'insediamento,和解を開始します,정착지를 시작하십시오,Rozpocznij ugodę,Comece o acordo,Начните урегулирование,Почніть поселення
SHIP,Ship,Ship eh?,سفينة,船,Loď,Schiff,Barco,Alus,Bateau,जहाज,Nave,船,배,Statek,Enviar,Корабль,Корабель
SILLY,Silly,Silly eh?,سخيف,愚蠢的,Hloupý,Dumm,Tonto,Typerä,Idiot,नासमझ,Sciocco,馬鹿な,바보 같은,Głupi,Bobagem,Глупый,Дурний
SOUNDEFFECT,Sound Effects,Sound Effects eh?,مؤثرات صوتية,声音特效,Zvukové efekty,Soundeffekte,Efectos de sonido,Ääniefektit,Effets sonores,ध्वनि प्रभाव,Effetti sonori,音響効果,음향 효과,Efekty dźwiękowe,Efeitos sonoros,Звуковые эффекты,Звукові ефекти
SOURCEREPO,Github Repo,Github Repo eh?,جيثب ريبو,Github仓库,GitHub Repo,Github Repo,Repositorio de Github,Github -repo,GitHub Repo,गीथब रेपो,Github Repo,Github Repo,Github Repo,Github Repo,Github Repo,GitHub Repo,Github repo
SPACE,Space,Space eh?,فضاء,空间,Prostor,Raum,Espacio,Tilaa,Espace,अंतरिक्ष,Spazio,空間,공간,Przestrzeń,Espaço,Космос,Простір
SPACEAVAILABLE,Space available,Space available eh?,مساحة متاحة,可用空间,Dostupný prostor,Platz verfügbar,Espacio disponible,Vapaata tilaa,Espace disponible,स्थान उपलब्ध,Spazio disponibile,利用可能なスペース,사용 가능한 공간,Przestrzeń dostępna,Espaço disponível,Доступное пространство,Доступний простір
SPACEDOCK,Space Dock,Space Dock eh?,رصيف الفضاء,太空码头,Space Dock,Raumdock,Muelle,Avaruustelakka,Quai d'espace,अंतरिक्ष गोदी,Dock spaziale,宇宙ドック,우주 도크,Dock kosmiczny,Dock Space,Космический док,Космічний причал
SPAREPARTS,Spare parts,Spare parts eh?,قطعة منفصلة,备件,Náhradní díly,Ersatzteile,Piezas de repuesto,Varaosat,Des pièces de rechange,स्पेयर पार्ट्स,Pezzi di ricambio,スペアパーツ,예비 부품,Części zamienne,Peças de reposição,Запчасти,Запасні частини
START,Start game,Start game eh?,بدء اللعبة,开始游戏,Začít hru,Spiel beginnen,Empezar juego,Aloita peli,Démarrer jeu,खेल शुरू,Inizia il gioco,ゲームをスタート,게임을 시작하다,Rozpocząć grę,Começar o jogo,Начать игру,Почни гру
STOPTTS,Stop TTS Playback,Stop TTS Playback eh?,توقف عن تشغيل TTS,停止TTS播放,Zastavte přehrávání TTS,Stoppen Sie die TTS -Wiedergabe,Detener la reproducción de TTS,Pysäytä TTS -toisto,Arrêtez la lecture TTS,टीटीएस प्लेबैक को रोकें,Ferma la riproduzione di TTS,TTSの再生を停止します,TTS 재생을 중지하십시오,Zatrzymaj odtwarzanie TTS,Pare a reprodução do TTS,Остановите воспроизведение TTS,Зупиніть TTS відтворення
SUBTITLE,"Ludum Dare 54, Limited Space","Ludum Dare 54, Limited Space eh?",Ludum Dare 54 ، مساحة محدودة,Ludum Dare 54，有限的空间,"Ludum Dare 54, omezený prostor","Ludum Dare 54, begrenzter Raum","Ludum Dare 54, espacio limitado","Ludum Dare 54, rajoitettu tila","Ludum Dare 54, espace limité","लुडम डेयर 54, सीमित स्थान","Ludum Dare 54, Spazio limitato",Ludum Dare 54、限られたスペース,"Ludum Dare 54, 제한된 공간","Ludum Dare 54, ograniczona przestrzeń","Ludum Dare 54, espaço limitado","Ludum Dare 54, ограниченное пространство","Ludum Dare 54, обмежений простір"
THANKS,Thank you,Thank you eh?,شكرًا لك,谢谢,Děkuji,Danke,Gracias,Kiitos,Merci,धन्यवाद,Grazie,ありがとう,감사합니다,Dziękuję,Obrigado,Спасибо,Дякую
THANKSHUNGUP,Thank.... they disconnected,Thank.... they disconnected eh?,شكرا .... لقد تم قطع الاتصال,谢谢....他们断开了连接,Děkuji .... odpojili,Danke ... sie trennten sich,Gracias ... se desconectaron,Kiitos .... he irrotettiin,Merci ... ils ont déconnecté,धन्यवाद .... वे डिस्कनेक्ट हो गए,Grazie ... hanno disconnesso,ありがとう....彼らは切断しました,감사합니다 .... 그들은 연결이 끊어졌습니다,Dziękuję .... Odłączyli się,Obrigado .... eles desconectaram,Спасибо .... они отключились,Дякую .... вони відключили
THANKYOUDIALOG01,Thank you for playing my Ludum Dare entry,Thank you for playing my Ludum Dare entry eh?,شكرا لك على لعب دخول لودوم الخاص بي,谢谢你玩我的ludum敢于,Děkuji za hraní mého vstupu Ludum Dare,"Vielen Dank, dass Sie meinen Ludum Dare -Eintrag gespielt haben",Gracias por jugar mi entrada de Ludum Dare,"Kiitos, että pelasit ludum -uskaltavan merkinnän",Merci d'avoir joué mon entrée Ludum Dare,मेरी लुडम डेयर प्रविष्टि खेलने के लिए धन्यवाद,Grazie per aver suonato il mio ingresso di ludum,Ludum Dareエントリをプレイしてくれてありがとう,내 Ludum Dare 항목을 연주해 주셔서 감사합니다,Dziękuję za zagranie w moim wpisie Ludum Dare,Obrigado por jogar minha entrada de Ludum Dare,"Спасибо, что сыграли мою запись Ludum Dare","Дякую за те, що ви грали в мій запис Ludum Dare"
THANKYOUDIALOG02,Have a nice day,Have a nice day eh?,طاب يومك,祝你今天过得愉快,Hezký den,Einen schönen Tag noch,Que tenga un lindo día,Hauskaa päivän jatkoa,Passe une bonne journée,आपका दिन शुभ हो,Buona giornata,良い１日を,좋은 하루 되세요,Miłego dnia,Tenha um bom dia,Хорошего дня,Гарного дня
TITLE,Oregon Startrail,Oregon Startrail eh?,أوريغون ستارترايل,俄勒冈Startrail,Oregon Startrail,Oregon Startrail,Oregon Startrail,Oregon StarTrail,Oregon Startrail,ओरेगॉन स्टारट्रिल,Oregon Startrail,オレゴンスターレール,오레곤 스타 트레일,Oregon Startrail,Oregon Startrail,Oregon Startrail,Орегон Startrail
TRADE,Trade,Trade eh?,تجارة,贸易,Obchod,Handel,Comercio,Käydä kauppaa,Commerce,व्यापार,Commercio,貿易,거래,Handel,Troca,Торговля,Торгувати
TRAVELING,Traveling,Traveling eh?,سفر,旅行,Cestování,Reisen,De viaje,Matkustaminen,En voyageant,यात्रा का,In viaggio,旅行,여행,Podróżny,Viajando,Путешествие,Мандрівка
TTS,Text-To-Speech,Text-To-Speech eh?,النص إلى الكلام,文字转语音,Text na řeč,Text zu Sprache,Texto a voz,Teksti puheeksi,Texte pour parler,भाषण के पाठ,Text-to-spealch,テキストからスピーチ,텍스트 음성,Tekst na mowę,Texto para fala,Текст в речь,Текстовий мовлення
TTSENABLED,Enable TTS,Enable TTS eh?,تمكين TTS,启用TTS,Povolit TTS,Aktivieren Sie TTs,Habilitar TTS,Ottaa TTS: n käyttöön,Activer TTS,TTS सक्षम करें,Abilita TTS,TTSを有効にします,TTS 활성화,Włącz TTS,Ativar TTS,Включить TTS,Увімкнути TTS
TTSPITCH,Pitch,Pitch eh?,يقذف,沥青,Pitch,Tonhöhe,Paso,Piki,Pas,आवाज़ का उतार-चढ़ाव,Pece,ピッチ,정점,Poziom,Tom,Подача,Стовп
TTSRATE,Rate,Rate eh?,معدل,速度,Hodnotit,Rate,Tasa,Aste,Taux,दर,Valutare,レート,비율,Wskaźnik,Avaliar,Ставка,Оцінювати
TTSVOICELABEL,TTS Voices,TTS Voices eh?,أصوات TTS,TTS声音,Hlasy TTS,TTS -Stimmen,Voces TTS,TTS -äänet,Voix TTS,टीटीएस आवाजें,Voci TTS,TTS声,TTS 목소리,Głosy TTS,TTS Voices,TTS голоса,TTS -голоси
TTSVOLUME,Volume,Volume eh?,مقدار,体积,Hlasitost,Volumen,Volumen,Tilavuus,Volume,आयतन,Volume,音量,용량,Tom,Volume,Объем,Обсяг
UNPAUSE,Unpause,Unpause eh?,إلغاء الرؤوس,脱离,Zpuštění,Unpause,Impaudir,Päätellä,Inhabituel,रोक हटाएँ,Impasto,unpause,불완전한,Unupauza,Não musa,Замайт,Неупереджено
USEFUEL,Use Fuel,Use Fuel eh?,استخدام الوقود,使用燃料,Použijte palivo,Kraftstoff verwenden,Usar combustible,Käyttää polttoainetta,Utiliser le carburant,ईंधन का उपयोग करें,Usa carburante,燃料を使用します,연료를 사용하십시오,Użyj paliwa,Use combustível,Используйте топливо,Використовуйте паливо
VERBOSE,Verbose,Verbose eh?,مطوّلة,冗长,Verbose,Ausführlich,Verboso,Verbose,Verbeux,वाचाल,Verboso,冗長,말 수가 많은,Gadatliwy,Detalhado,Подробный,Багатослівний
VERBOSITY,Verbosity,Verbosity eh?,فعل,冗长,Vřednost,Ausführlichkeit,Verbosidad,Verbositeetti,Verbosité,शब्दाडंबर,Verbosità,冗長性,다변,Gadatliwość,Verbosidade,Условно,Багатослівність
WANTTOTRADE,Want to trade?,Want to trade? eh?,تريد المتاجرة؟,想要交易？,Chtít obchodovat?,Willst du tauschen?,¿Queremos comercializar?,Haluta vaihtaa?,Vouloir échanger?,ट्रेड करना चाहता है?,Vuoi scambiare?,取引したいです？,거래하고 싶습니까?,Chcesz wymienić?,Quer trocar?,Хотеть торговать?,Хочете торгувати?
WASTE,Waste,Waste eh?,يضيع,浪费,Odpad,Abfall,Desperdiciar,Jätteet,Déchets,बरबाद करना,Sciupare,無駄,쓰레기,Marnować,Desperdício,Напрасно тратить,Витрачати
WATER,Water,Water eh?,ماء,水,Voda,Wasser,Agua,Vettä,Eau,पानी,Acqua,水,물,Woda,Água,Вода,Вода
WATERGENERATOR,Water generator,Water generator eh?,مولد المياه,水发电机,Generátor vody,Wassergenerator,Generador de agua,Vesigeneraattori,Générateur d'eau,जल जनक,Generatore d'acqua,水ジェネレーター,수상 생성기,Generator wody,Gerador de água,Водный генератор,Водний генератор
WINNERDIALOG01,"Game over, you win!","Game over, you win! eh?",انتهت اللعبة ، تفوز!,游戏结束，你赢了！,"Hra u konce, vyhrajete!","Spiel vorbei, du gewinnst!","Juego terminado, ganas!","Peli ohi, voitat!","Jeu terminé, vous gagnez!","खेल, तुम जीतो!","Game Over, vinci!",ゲームオーバー、あなたは勝ちます！,"게임 오버, 당신은 승리합니다!","Gra, wygrywasz!","Jogo acabado, você ganha!","Игра окончена, вы выигрываете!","Гра, ви виграєте!"
WINNERTITLE,Welcome to your new home,Welcome to your new home eh?,مرحبا بكم في بيتكم الجديد,欢迎来到你的新家,Vítejte ve vašem novém domově,Willkommen in Ihrem neuen Zuhause,Bienvenido a tu nuevo hogar,Tervetuloa uuteen kotiin,Bienvenue dans votre nouvelle maison,आपके नए घर में आपका स्वागत है,Benvenuto nella tua nuova casa,あなたの新しい家へようこそ,새 집에 오신 것을 환영합니다,Witamy w swoim nowym domu,Bem -vindo ao seu novo lar,Добро пожаловать в твой новый дом,Ласкаво просимо до вашого нового будинку
WOLF1061C,Wolf 1061c,Wolf 1061c eh?,الذئب 1061C,狼1061c,Wolf 1061c,Wolf 1061c,Wolf 1061c,Susi 1061c,Loup 1061c,वुल्फ 1061 सी,Lupo 1061c,ウルフ1061c,늑대 1061c,Wolf 1061C,Wolf 1061C,Волк 1061c,Вовк 1061c
WORK,Work,Work eh?,عمل,工作,Práce,Arbeiten,Trabajar,Tehdä työtä,Travail,काम,Lavoro,仕事,일하다,Praca,Trabalhar,Работа,Працювати
WORKSTATIONS,Work stations,Work stations eh?,محطات العمل,工作站,Pracovní stanice,Arbeitsstationen,Estaciones de trabajo,Työasemat,Postes de travail,कार्य स्टेशन,Stazioni di lavoro,ワークステーション,워크 스테이션,Stacje robocze,Estações de trabalho,Рабочие станции,Робочі станції